BXed,mito,nuclear,rep,genotype,rapa,vial,Nfemales,Neggs,Day_counted
yes,A,A,1,AA1,control,1,15,45,14/07/2022
yes,A,A,1,AA1,control,2,15,78,14/07/2022
yes,A,A,1,AA1,control,3,15,217,14/07/2022
yes,A,A,1,AA1,control,4,15,67,14/07/2022
yes,A,A,1,AA1,control,5,15,165,14/07/2022
yes,A,A,1,AA1,control,6,15,149,14/07/2022
yes,A,A,1,AA1,control,7,15,96,14/07/2022
yes,A,A,1,AA1,control,8,15,189,14/07/2022
yes,A,A,1,AA1,control,9,15,124,14/07/2022
yes,A,A,1,AA1,control,10,15,83,14/07/2022
yes,A,A,2,AA2,control,11,15,68,14/07/2022
yes,A,A,2,AA2,control,12,15,88,14/07/2022
yes,A,A,2,AA2,control,13,15,76,14/07/2022
yes,A,A,2,AA2,control,14,15,93,14/07/2022
yes,A,A,2,AA2,control,15,15,145,14/07/2022
yes,A,A,2,AA2,control,16,15,40,14/07/2022
yes,A,A,2,AA2,control,17,15,129,14/07/2022
yes,A,A,2,AA2,control,18,15,33,14/07/2022
yes,A,A,2,AA2,control,19,15,16,14/07/2022
yes,A,A,2,AA2,control,20,15,1,14/07/2022
yes,A,A,3,AA3,control,21,15,156,14/07/2022
yes,A,A,3,AA3,control,22,15,106,14/07/2022
yes,A,A,3,AA3,control,23,15,80,14/07/2022
yes,A,A,3,AA3,control,24,15,20,14/07/2022
yes,A,A,3,AA3,control,25,15,186,14/07/2022
yes,A,A,3,AA3,control,26,15,88,14/07/2022
yes,A,A,3,AA3,control,27,15,172,14/07/2022
yes,A,A,3,AA3,control,28,15,183,14/07/2022
yes,A,A,3,AA3,control,29,15,173,14/07/2022
yes,A,A,3,AA3,control,30,15,93,14/07/2022
yes,A,B,1,AB1,control,31,15,52,14/07/2022
yes,A,B,1,AB1,control,32,15,151,14/07/2022
yes,A,B,1,AB1,control,33,15,166,14/07/2022
yes,A,B,1,AB1,control,34,15,65,14/07/2022
yes,A,B,1,AB1,control,35,15,131,14/07/2022
yes,A,B,1,AB1,control,36,15,139,14/07/2022
yes,A,B,1,AB1,control,37,15,185,14/07/2022
yes,A,B,1,AB1,control,38,15,251,14/07/2022
yes,A,B,1,AB1,control,39,15,106,14/07/2022
yes,A,B,1,AB1,control,40,15,175,14/07/2022
yes,A,B,2,AB2,control,41,15,20,14/07/2022
yes,A,B,2,AB2,control,42,15,42,14/07/2022
yes,A,B,2,AB2,control,43,15,2,14/07/2022
yes,A,B,2,AB2,control,44,15,13,14/07/2022
yes,A,B,2,AB2,control,45,15,5,14/07/2022
yes,A,B,2,AB2,control,46,15,3,14/07/2022
yes,A,B,2,AB2,control,47,15,9,14/07/2022
yes,A,B,2,AB2,control,48,15,15,14/07/2022
yes,A,B,2,AB2,control,49,15,4,14/07/2022
yes,A,B,2,AB2,control,50,15,42,14/07/2022
yes,A,B,3,AB3,control,51,15,148,15/07/2022
yes,A,B,3,AB3,control,52,15,167,15/07/2022
yes,A,B,3,AB3,control,53,15,166,15/07/2022
yes,A,B,3,AB3,control,54,15,181,15/07/2022
yes,A,B,3,AB3,control,55,15,206,15/07/2022
yes,A,B,3,AB3,control,56,15,103,15/07/2022
yes,A,B,3,AB3,control,57,15,189,15/07/2022
yes,A,B,3,AB3,control,58,15,188,15/07/2022
yes,A,B,3,AB3,control,59,15,221,15/07/2022
yes,A,B,3,AB3,control,60,15,206,15/07/2022
yes,B,A,1,BA1,control,61,15,89,15/07/2022
yes,B,A,1,BA1,control,62,15,198,15/07/2022
yes,B,A,1,BA1,control,63,15,193,15/07/2022
yes,B,A,1,BA1,control,64,15,150,15/07/2022
yes,B,A,1,BA1,control,65,15,181,15/07/2022
yes,B,A,1,BA1,control,66,15,65,15/07/2022
yes,B,A,1,BA1,control,67,15,78,15/07/2022
yes,B,A,1,BA1,control,68,15,151,15/07/2022
yes,B,A,1,BA1,control,69,15,147,15/07/2022
yes,B,A,1,BA1,control,70,15,253,15/07/2022
yes,B,A,2,BA2,control,71,15,192,15/07/2022
yes,B,A,2,BA2,control,72,15,174,15/07/2022
yes,B,A,2,BA2,control,73,15,170,15/07/2022
yes,B,A,2,BA2,control,74,15,124,15/07/2022
yes,B,A,2,BA2,control,75,15,66,15/07/2022
yes,B,A,2,BA2,control,76,15,206,15/07/2022
yes,B,A,2,BA2,control,77,15,61,15/07/2022
yes,B,A,2,BA2,control,78,15,88,15/07/2022
yes,B,A,2,BA2,control,79,15,113,15/07/2022
yes,B,A,2,BA2,control,80,15,134,15/07/2022
yes,B,A,3,BA3,control,81,15,64,15/07/2022
yes,B,A,3,BA3,control,82,15,31,15/07/2022
yes,B,A,3,BA3,control,83,15,4,15/07/2022
yes,B,A,3,BA3,control,84,15,53,15/07/2022
yes,B,A,3,BA3,control,85,15,102,15/07/2022
yes,B,A,3,BA3,control,86,15,21,15/07/2022
yes,B,A,3,BA3,control,87,15,43,15/07/2022
yes,B,A,3,BA3,control,88,15,37,15/07/2022
yes,B,A,3,BA3,control,89,15,118,15/07/2022
yes,B,A,3,BA3,control,90,15,181,15/07/2022
yes,B,B,1,BB1,control,91,15,30,15/07/2022
yes,B,B,1,BB1,control,92,15,2,15/07/2022
yes,B,B,1,BB1,control,93,15,21,15/07/2022
yes,B,B,1,BB1,control,94,15,5,15/07/2022
yes,B,B,1,BB1,control,95,15,2,15/07/2022
yes,B,B,1,BB1,control,96,15,29,15/07/2022
yes,B,B,1,BB1,control,97,15,37,15/07/2022
yes,B,B,1,BB1,control,98,15,15,15/07/2022
yes,B,B,1,BB1,control,99,15,47,15/07/2022
yes,B,B,1,BB1,control,100,15,13,15/07/2022
yes,B,B,2,BB2,control,101,15,98,13/07/2022
yes,B,B,2,BB2,control,102,15,60,13/07/2022
yes,B,B,2,BB2,control,103,15,108,13/07/2022
yes,B,B,2,BB2,control,104,15,96,13/07/2022
yes,B,B,2,BB2,control,105,15,33,13/07/2022
yes,B,B,2,BB2,control,106,15,99,13/07/2022
yes,B,B,2,BB2,control,107,15,41,13/07/2022
yes,B,B,2,BB2,control,108,15,80,13/07/2022
yes,B,B,2,BB2,control,109,15,54,13/07/2022
yes,B,B,2,BB2,control,110,15,43,13/07/2022
yes,B,B,3,BB3,control,111,15,108,13/07/2022
yes,B,B,3,BB3,control,112,15,186,13/07/2022
yes,B,B,3,BB3,control,113,15,148,13/07/2022
yes,B,B,3,BB3,control,114,15,143,13/07/2022
yes,B,B,3,BB3,control,115,15,172,13/07/2022
yes,B,B,3,BB3,control,116,15,195,13/07/2022
yes,B,B,3,BB3,control,117,15,75,13/07/2022
yes,B,B,3,BB3,control,118,15,202,13/07/2022
yes,B,B,3,BB3,control,119,15,141,13/07/2022
yes,B,B,3,BB3,control,120,15,114,13/07/2022
yes,A,A,1,AA1,rapa,121,15,4,12/07/2022
yes,A,A,1,AA1,rapa,122,15,42,12/07/2022
yes,A,A,1,AA1,rapa,123,15,8,12/07/2022
yes,A,A,1,AA1,rapa,124,15,15,12/07/2022
yes,A,A,1,AA1,rapa,125,15,20,12/07/2022
yes,A,A,1,AA1,rapa,126,15,8,12/07/2022
yes,A,A,1,AA1,rapa,127,15,1,12/07/2022
yes,A,A,1,AA1,rapa,128,15,0,12/07/2022
yes,A,A,1,AA1,rapa,129,15,1,12/07/2022
yes,A,A,1,AA1,rapa,130,15,3,12/07/2022
yes,A,A,2,AA2,rapa,131,15,3,12/07/2022
yes,A,A,2,AA2,rapa,132,15,0,12/07/2022
yes,A,A,2,AA2,rapa,133,15,1,12/07/2022
yes,A,A,2,AA2,rapa,134,15,10,12/07/2022
yes,A,A,2,AA2,rapa,135,15,6,12/07/2022
yes,A,A,2,AA2,rapa,136,15,2,12/07/2022
yes,A,A,2,AA2,rapa,137,15,5,12/07/2022
yes,A,A,2,AA2,rapa,138,15,1,12/07/2022
yes,A,A,2,AA2,rapa,139,15,11,12/07/2022
yes,A,A,2,AA2,rapa,140,15,5,12/07/2022
yes,A,A,3,AA3,rapa,141,15,1,12/07/2022
yes,A,A,3,AA3,rapa,142,15,1,12/07/2022
yes,A,A,3,AA3,rapa,143,15,5,12/07/2022
yes,A,A,3,AA3,rapa,144,15,1,12/07/2022
yes,A,A,3,AA3,rapa,145,15,1,12/07/2022
yes,A,A,3,AA3,rapa,146,15,15,12/07/2022
yes,A,A,3,AA3,rapa,147,15,0,12/07/2022
yes,A,A,3,AA3,rapa,148,15,2,12/07/2022
yes,A,A,3,AA3,rapa,149,15,2,12/07/2022
yes,A,A,3,AA3,rapa,150,15,2,12/07/2022
yes,A,B,1,AB1,rapa,151,15,0,12/07/2022
yes,A,B,1,AB1,rapa,152,15,1,12/07/2022
yes,A,B,1,AB1,rapa,153,15,0,12/07/2022
yes,A,B,1,AB1,rapa,154,15,0,12/07/2022
yes,A,B,1,AB1,rapa,155,15,0,12/07/2022
yes,A,B,1,AB1,rapa,156,15,4,12/07/2022
yes,A,B,1,AB1,rapa,157,15,6,12/07/2022
yes,A,B,1,AB1,rapa,158,15,2,12/07/2022
yes,A,B,1,AB1,rapa,159,15,2,12/07/2022
yes,A,B,1,AB1,rapa,160,15,0,12/07/2022
yes,A,B,2,AB2,rapa,161,15,0,12/07/2022
yes,A,B,2,AB2,rapa,162,15,0,12/07/2022
yes,A,B,2,AB2,rapa,163,15,0,12/07/2022
yes,A,B,2,AB2,rapa,164,15,2,12/07/2022
yes,A,B,2,AB2,rapa,165,15,0,12/07/2022
yes,A,B,2,AB2,rapa,166,15,0,12/07/2022
yes,A,B,2,AB2,rapa,167,15,0,12/07/2022
yes,A,B,2,AB2,rapa,168,15,4,12/07/2022
yes,A,B,2,AB2,rapa,169,15,0,12/07/2022
yes,A,B,2,AB2,rapa,170,15,0,12/07/2022
yes,A,B,3,AB3,rapa,171,15,13,12/07/2022
yes,A,B,3,AB3,rapa,172,15,0,12/07/2022
yes,A,B,3,AB3,rapa,173,15,2,12/07/2022
yes,A,B,3,AB3,rapa,174,15,1,12/07/2022
yes,A,B,3,AB3,rapa,175,15,1,12/07/2022
yes,A,B,3,AB3,rapa,176,15,0,12/07/2022
yes,A,B,3,AB3,rapa,177,15,16,12/07/2022
yes,A,B,3,AB3,rapa,178,15,2,12/07/2022
yes,A,B,3,AB3,rapa,179,15,4,12/07/2022
yes,A,B,3,AB3,rapa,180,15,2,12/07/2022
yes,B,A,1,BA1,rapa,181,15,2,12/07/2022
yes,B,A,1,BA1,rapa,182,15,4,12/07/2022
yes,B,A,1,BA1,rapa,183,15,0,12/07/2022
yes,B,A,1,BA1,rapa,184,15,1,12/07/2022
yes,B,A,1,BA1,rapa,185,15,1,12/07/2022
yes,B,A,1,BA1,rapa,186,15,1,12/07/2022
yes,B,A,1,BA1,rapa,187,15,1,12/07/2022
yes,B,A,1,BA1,rapa,188,15,4,12/07/2022
yes,B,A,1,BA1,rapa,189,15,1,12/07/2022
yes,B,A,1,BA1,rapa,190,15,6,12/07/2022
yes,B,A,2,BA2,rapa,191,15,22,12/07/2022
yes,B,A,2,BA2,rapa,192,15,18,12/07/2022
yes,B,A,2,BA2,rapa,193,15,6,12/07/2022
yes,B,A,2,BA2,rapa,194,15,7,12/07/2022
yes,B,A,2,BA2,rapa,195,15,17,12/07/2022
yes,B,A,2,BA2,rapa,196,15,70,12/07/2022
yes,B,A,2,BA2,rapa,197,15,30,12/07/2022
yes,B,A,2,BA2,rapa,198,15,8,12/07/2022
yes,B,A,2,BA2,rapa,199,15,31,12/07/2022
yes,B,A,2,BA2,rapa,200,15,18,12/07/2022
yes,B,A,3,BA3,rapa,201,15,1,12/07/2022
yes,B,A,3,BA3,rapa,202,15,0,12/07/2022
yes,B,A,3,BA3,rapa,203,15,0,12/07/2022
yes,B,A,3,BA3,rapa,204,15,0,12/07/2022
yes,B,A,3,BA3,rapa,205,15,4,12/07/2022
yes,B,A,3,BA3,rapa,206,15,2,12/07/2022
yes,B,A,3,BA3,rapa,207,15,12,12/07/2022
yes,B,A,3,BA3,rapa,208,15,15,12/07/2022
yes,B,A,3,BA3,rapa,209,15,3,12/07/2022
yes,B,A,3,BA3,rapa,210,15,6,12/07/2022
yes,B,B,1,BB1,rapa,211,15,3,12/07/2022
yes,B,B,1,BB1,rapa,212,15,4,12/07/2022
yes,B,B,1,BB1,rapa,213,15,2,12/07/2022
yes,B,B,1,BB1,rapa,214,15,1,12/07/2022
yes,B,B,1,BB1,rapa,215,15,1,12/07/2022
yes,B,B,1,BB1,rapa,216,15,0,12/07/2022
yes,B,B,1,BB1,rapa,217,15,11,12/07/2022
yes,B,B,1,BB1,rapa,218,15,2,12/07/2022
yes,B,B,1,BB1,rapa,219,15,5,12/07/2022
yes,B,B,1,BB1,rapa,220,15,2,12/07/2022
yes,B,B,2,BB2,rapa,221,15,0,12/07/2022
yes,B,B,2,BB2,rapa,222,15,9,12/07/2022
yes,B,B,2,BB2,rapa,223,15,8,12/07/2022
yes,B,B,2,BB2,rapa,224,15,2,12/07/2022
yes,B,B,2,BB2,rapa,225,15,3,12/07/2022
yes,B,B,2,BB2,rapa,226,15,0,12/07/2022
yes,B,B,2,BB2,rapa,227,15,7,12/07/2022
yes,B,B,2,BB2,rapa,228,15,0,12/07/2022
yes,B,B,2,BB2,rapa,229,15,3,12/07/2022
yes,B,B,2,BB2,rapa,230,15,0,12/07/2022
yes,B,B,3,BB3,rapa,231,15,2,12/07/2022
yes,B,B,3,BB3,rapa,232,15,3,12/07/2022
yes,B,B,3,BB3,rapa,233,15,3,12/07/2022
yes,B,B,3,BB3,rapa,234,15,6,12/07/2022
yes,B,B,3,BB3,rapa,235,15,14,12/07/2022
yes,B,B,3,BB3,rapa,236,15,6,12/07/2022
yes,B,B,3,BB3,rapa,237,15,13,12/07/2022
yes,B,B,3,BB3,rapa,238,15,1,12/07/2022
yes,B,B,3,BB3,rapa,239,15,6,12/07/2022
yes,B,B,3,BB3,rapa,240,15,5,12/07/2022